[
    {
        "data_pattern": "responses",
        "data_type": "raw",
        "response_type": "Response",
        "url_regexp": "^batch/$"
    },
    {
        "data_type": "serialized",
        "response_type": "single_response",
        "serializer": "Event",
        "url_regexp": "^events/$"
    },
    {
        "data_type": "serialized",
        "response_type": "single_response",
        "serializer": "Event",
        "url_regexp": "^events/(?P<event_id>\\d+)/$"
    },
    {
        "data_type": "serialized",
        "response_type": "single_response",
        "serializer": "Event",
        "url_regexp": "^events/(?P<event_id>\\d+)/publish/$"
    },
    {
        "data_type": "serialized",
        "response_type": "single_response",
        "serializer": "Event",
        "url_regexp": "^events/(?P<event_id>\\d+)/unpublish/$"
    },
    {
        "data_type": "serialized",
        "response_type": "paginated_response",
        "serializer": "Order",
        "url_regexp": "^events/(?P<event_id>\\d+)/orders/$"
    },
    {
        "data_type": "serialized",
        "response_type": "single_response",
        "serializer": "Order",
        "url_regexp": "^events/(?P<event_id>\\d+)/orders/create-free/$"
    },
    {
        "data_type": "serialized",
        "response_type": "paginated_response",
        "serializer": "Order",
        "url_regexp": "^events/(?P<event_id>\\d+)/orders/search/$"
    },
    {
        "data_type": "serialized",
        "response_type": "single_response",
        "serializer": "TicketClass",
        "url_regexp": "^events/(?P<event_id>\\d+)/ticket_classes/$"
    },
    {
        "data_type": "serialized",
        "response_type": "paginated_response",
        "serializer": "Attendee",
        "url_regexp": "^events/(?P<event_id>\\d+)/attendees/$"
    },
    {
        "data_type": "serialized",
        "response_type": "single_response",
        "serializer": "Attendee",
        "url_regexp": "^events/(?P<event_id>\\d+)/attendees/(?P<attendee_id>[\\d\\-]+)/$"
    },
    {
        "data_type": "serialized",
        "response_type": "paginated_response",
        "serializer": "Transfer",
        "url_regexp": "^events/(?P<event_id>\\d+)/transfers/$"
    },
    {
        "data_type": "serialized",
        "response_type": "single_response",
        "serializer": "Discount",
        "url_regexp": "^events/(?P<event_id>\\d+)/discounts/$"
    },
    {
        "data_pattern": "{\"deleted\": True}",
        "data_type": "raw",
        "response_type": "simple_response",
        "url_regexp": "^events/(?P<event_id>\\d+)/discounts/(?P<discount_id>\\d+)/$"
    },
    {
        "data_type": "serialized",
        "response_type": "single_response",
        "serializer": "AccessCode",
        "url_regexp": "^events/(?P<event_id>\\d+)/access_codes/$"
    },
    {
        "data_pattern": "{\"deleted\": True}",
        "data_type": "raw",
        "response_type": "simple_response",
        "url_regexp": "^events/(?P<event_id>\\d+)/access_codes/(?P<access_code_id>\\d+)/$"
    },
    {
        "data_type": "serialized",
        "response_type": "paginated_response",
        "serializer": "Team",
        "url_regexp": "^events/(?P<event_id>\\d+)/teams/$"
    },
    {
        "data_type": "serialized",
        "response_type": "single_response",
        "serializer": "Team",
        "url_regexp": "^events/(?P<event_id>\\d+)/teams/(?P<team_id>\\d+)/$"
    },
    {
        "data_type": "serialized",
        "response_type": "paginated_response",
        "serializer": "Attendee",
        "url_regexp": "^events/(?P<event_id>\\d+)/teams/(?P<team_id>\\d+)/attendees/$"
    },
    {
        "data_type": "serialized",
        "response_type": "paginated_response",
        "serializer": "TicketClass",
        "url_regexp": "^events/(?P<event_id>\\d+)/ticket_classes/for_sale/$"
    },
    {
        "data_type": "serialized",
        "response_type": "single_response",
        "serializer": "TicketClass",
        "url_regexp": "^events/(?P<event_id>\\d+)/ticket_classes/(?P<ticket_class_id>\\d+)/$"
    },
    {
        "data_type": "serialized",
        "response_type": "paginated_response",
        "serializer": "Guest",
        "url_regexp": "^events/(?P<event_id>\\d+)/invites/$"
    },
    {
        "data_pattern": "response",
        "data_type": "raw",
        "response_type": "Response",
        "url_regexp": "^events/(?P<event_id>\\d+)/invites/send/$"
    },
    {
        "data_pattern": "response",
        "data_type": "raw",
        "response_type": "Response",
        "url_regexp": "^events/(?P<event_id>\\d+)/invites/resend/$"
    },
    {
        "data_type": "serialized",
        "response_type": "paginated_response",
        "serializer": "Event",
        "url_regexp": "^events/(?P<organizer_id>\\d+)/future_events/$"
    },
    {
        "data_type": "serialized",
        "response_type": "paginated_response",
        "serializer": "Event",
        "url_regexp": "^events/(?P<organizer_id>\\d+)/past_events/$"
    },
    {
        "data_type": "serialized",
        "response_type": "paginated_response",
        "serializer": "Event",
        "url_regexp": "^events/search/$"
    },
    {
        "data_type": "serialized",
        "response_type": "paginated_response",
        "serializer": "Category",
        "url_regexp": "^categories/$"
    },
    {
        "data_pattern": "obj",
        "data_type": "raw",
        "response_type": "Response",
        "url_regexp": "^categories/(?P<category_id>\\d+)/$"
    },
    {
        "data_type": "serialized",
        "response_type": "paginated_response",
        "serializer": "SubCategoryWithParent",
        "url_regexp": "^subcategories/$"
    },
    {
        "data_type": "serialized",
        "response_type": "Response",
        "serializer": "SubCategoryWithParent",
        "url_regexp": "^subcategories/(?P<subcategory_id>\\d+)/$"
    },
    {
        "data_type": "serialized",
        "response_type": "Response",
        "serializer": "Format",
        "url_regexp": "^formats/$"
    },
    {
        "data_type": "serialized",
        "response_type": "Response",
        "serializer": "Format",
        "url_regexp": "^formats/(?P<format_id>\\d+)/$"
    },
    {
        "data_type": "serialized",
        "response_type": "paginated_response",
        "serializer": "Timezone",
        "url_regexp": "^system/timezones/$"
    },
    {
        "data_type": "serialized",
        "response_type": "paginated_response",
        "serializer": "Country",
        "url_regexp": "^system/countries/$"
    },
    {
        "data_type": "serialized",
        "response_type": "single_response",
        "serializer": "PublicKey",
        "url_regexp": "^system/purchase-public-key/$"
    },
    {
        "data_type": "serialized",
        "response_type": "single_response",
        "serializer": "User",
        "url_regexp": "^users/$"
    },
    {
        "data_type": "serialized",
        "response_type": "single_response",
        "serializer": "User",
        "url_regexp": "^users/(?P<user_id>\\d+|me)/$"
    },
    {
        "data_type": "serialized",
        "response_type": "paginated_response",
        "serializer": "Event",
        "url_regexp": "^users/(?P<user_id>\\d+|me)/owned_events/$"
    },
    {
        "data_type": "serialized",
        "response_type": "paginated_response",
        "serializer": "Attendee",
        "url_regexp": "^users/(?P<user_id>\\d+|me)/owned_event_attendees/$"
    },
    {
        "data_type": "serialized",
        "response_type": "paginated_response",
        "serializer": "Order",
        "url_regexp": "^users/(?P<user_id>\\d+|me)/owned_event_orders/$"
    },
    {
        "data_type": "serialized",
        "response_type": "paginated_response",
        "serializer": "Order",
        "url_regexp": "^users/(?P<user_id>\\d+|me)/orders/$"
    },
    {
        "data_type": "serialized",
        "response_type": "paginated_response",
        "serializer": "Organizer",
        "url_regexp": "^users/(?P<user_id>\\d+|me)/organizers/$"
    },
    {
        "data_type": "serialized",
        "response_type": "paginated_response",
        "serializer": "Venue",
        "url_regexp": "^users/(?P<user_id>\\d+|me)/venues/$"
    },
    {
        "data_type": "serialized",
        "response_type": "single_response",
        "serializer": "ContactList",
        "url_regexp": "^users/(?P<user_id>\\d+|me)/contact_lists/$"
    },
    {
        "data_pattern": "{\"deleted\": True}",
        "data_type": "raw",
        "response_type": "simple_response",
        "url_regexp": "^users/(?P<user_id>\\d+|me)/contact_lists/(?P<contact_list_id>\\d+)/$"
    },
    {
        "data_pattern": "{\"deleted\": True}",
        "data_type": "raw",
        "response_type": "simple_response",
        "url_regexp": "^users/(?P<user_id>\\d+|me)/contact_lists/(?P<contact_list_id>\\d+)/contacts/$"
    },
    {
        "data_pattern": "{'token': response.token}",
        "data_type": "raw",
        "response_type": "simple_response",
        "url_regexp": "^users/(?P<user_id>\\d+|me)/payment_instruments/$"
    },
    {
        "data_pattern": "{'token': response.token}",
        "data_type": "raw",
        "response_type": "simple_response",
        "url_regexp": "^users/(?P<user_id>\\d+|me)/payment_instruments/(?P<token>[a-f0-9]{32})/$"
    },
    {
        "data_type": "serialized",
        "response_type": "single_response",
        "serializer": "Order",
        "url_regexp": "^orders/(?P<order_id>\\d+)/$"
    },
    {
        "data_type": "serialized",
        "response_type": "single_response",
        "serializer": "Organizer",
        "url_regexp": "^organizers/$"
    },
    {
        "data_type": "serialized",
        "response_type": "single_response",
        "serializer": "Organizer",
        "url_regexp": "^organizers/(?P<organizer_id>\\d+)/$"
    },
    {
        "data_type": "redirect",
        "redirect_path": "/v3/events/0000/attendees/0000/",
        "url_regexp": "^attendees/(?P<attendee_id>\\d+)/$"
    },
    {
        "data_type": "serialized",
        "response_type": "single_response",
        "serializer": "Venue",
        "url_regexp": "^venues/$"
    },
    {
        "data_type": "serialized",
        "response_type": "single_response",
        "serializer": "Venue",
        "url_regexp": "^venues/(?P<id>\\d+)/$"
    },
    {
        "data_type": "serialized",
        "response_type": "paginated_response",
        "serializer": "Venue",
        "url_regexp": "^venues/search/$"
    },
    {
        "response_type": "UNKNOW",
        "url_regexp": "auth/login/$"
    },
    {
        "response_type": "UNKNOW",
        "url_regexp": "auth/signup/$"
    },
    {
        "data_pattern": "{ \"id\": response.id, \"url\": response.url, }",
        "data_type": "raw",
        "response_type": "simple_response",
        "url_regexp": "media/upload/$"
    },
    {
        "data_type": "serialized",
        "response_type": "single_response",
        "serializer": "Image",
        "url_regexp": "media/(?P<image_id>\\w+)/$"
    },
    {
        "data_pattern": "response.event_ids",
        "data_type": "raw",
        "response_type": "Response",
        "url_regexp": "bookmarks/users/(?P<user_id>\\d+)/actions/(?P<user_action>\\w+)/source_id/(?P<source_id>1)/$"
    },
    {
        "data_pattern": "{\"Created\": True}",
        "data_type": "raw",
        "response_type": "Response",
        "url_regexp": "bookmarks/create"
    },
    {
        "data_type": "serialized",
        "response_type": "single_response",
        "serializer": "MobileDevice",
        "url_regexp": "^devices/(?P<device_id>\\d+)/$"
    },
    {
        "data_type": "serialized",
        "response_type": "single_response",
        "serializer": "MobileDevice",
        "url_regexp": "^devices/me/$"
    },
    {
        "data_type": "serialized",
        "response_type": "single_response",
        "serializer": "Webhook",
        "url_regexp": "^webhooks/$"
    },
    {
        "data_type": "serialized",
        "response_type": "single_response",
        "serializer": "Webhook",
        "url_regexp": "^webhooks/(?P<id>\\d+)/$"
    },
    {
        "data_type": "serialized",
        "response_type": "single_response",
        "serializer": "Webhook",
        "url_regexp": "^webhooks/(?P<id>\\d+)/delete/$"
    }
]
